{
  "compBeta": [
    [
      0.0,
      0.0,
      0.0,
      0.0,
      0.0,
      0.0,
      0.0,
      0.0,
      0.0,
      0.0,
      0.0,
      0.0
    ]
  ],
  "compBetaR": [
    [
      0.0,
      0.0,
      0.0,
      0.0,
      0.0,
      0.0,
      0.0,
      0.0,
      0.0,
      0.0,
      0.0,
      0.0
    ]
  ],
  "compBetaError": [
    [
      0.0,
      0.0,
      0.0,
      0.0,
      0.0,
      0.0,
      0.0,
      0.0,
      0.0,
      0.0,
      0.0,
      0.0
    ]
  ],
  "compBetaRError": [
    [
      0.0,
      0.0,
      0.0,
      0.0,
      0.0,
      0.0,
      0.0,
      0.0,
      0.0,
      0.0,
      0.0,
      0.0
    ]
  ],
  "daSuppressedAmpl": [
    0.0
  ],
  "pH": [
    0.0
  ],
  "pHError": [
    0.0
  ],
  "Mg": [
    0.0
  ],
  "MgError": [
    0.0
  ],
  "peakNames": [
    "Cr_3.9",
    "Tau_3.4",
    "Tau_3.2",
    "Cr_3",
    "NAA_2.6",
    "Glu_2.3",
    "NAA_2",
    "Glx_3.7",
    "Ins_3.5",
    "Ins_3.6",
    "Ins_4",
    "NAA_2.5"
  ],
  "echoes": [
    0
  ],
  "nameOfFile": "TE02_MMspectrum.mrui",
  "samplingInterval": 0.2,
  "transmitterFrequency": 4.002654061E8,
  "nucleus": 0.0,
  "B0": 9.4,
  "areEchoes": false,
  "hzref": -1879.846708627255,
  "compAmplitude": [
    [
      17.0,
      7.3,
      7.3,
      2.6,
      5.0,
      4.5,
      3.6,
      6.6,
      2.25,
      2.25,
      0.9,
      5.0
    ]
  ],
  "compFrequency": [
    [
      -0.06216126334305097,
      -0.10298833476525099,
      -0.115796827760451,
      -0.13420903644105095,
      -0.162227614868051,
      -0.187844600858451,
      -0.21586317928545098,
      -0.075770287150451,
      -0.09418249583105097,
      -0.08617718770905101,
      -0.05335542440885095,
      -0.174235577051051
    ]
  ],
  "compDamping": [
    [
      0.012566370614359171,
      0.012566370614359171,
      0.012566370614359171,
      0.00942477796076938,
      0.013823007675795092,
      0.012566370614359171,
      0.011309733552923256,
      0.014845848301614468,
      0.012566370614359171,
      0.012566370614359171,
      0.012566370614359171,
      0.013823007675795092
    ]
  ],
  "compDampingR": [
    [
      0.008984954989266923,
      0.007476990515543765,
      0.002218834955629239,
      0.001884955592153876,
      0.008168140899333464,
      0.012000883936712954,
      0.0014451326206512763,
      0.002218834955629239,
      0.0016733449890720153,
      0.005020034967216618,
      0.0016733449890720153,
      0.008168140899333464
    ]
  ],
  "compPhase": [
    [
      0.0,
      3.141592653589793,
      3.141592653589793,
      0.0,
      0.0,
      0.0,
      3.141592653589793,
      0.0,
      0.0,
      0.0,
      0.0,
      0.0
    ]
  ],
  "modelType": [
    [
      0,
      0,
      0,
      0,
      0,
      0,
      0,
      0,
      0,
      0,
      0,
      0
    ]
  ],
  "compAmplitudeError": [
    [
      0.18671110569134425,
      0.14814143109491906,
      0.14814143109491906,
      0.24611624233878487,
      0.3203636397173333,
      0.18677387693277964,
      0.26841417994723316,
      0.3490007575776096,
      0.19048980825494471,
      0.1879155940121227,
      0.18503889289937084,
      0.3140337347244464
    ]
  ],
  "compFrequencyError": [
    [
      0.0,
      6.191083859911064E-5,
      6.166254209843763E-5,
      1.1229453230020906E-4,
      1.045395413167661E-4,
      0.0,
      1.0665432264787719E-4,
      0.0,
      0.0,
      2.0289657192963163E-4,
      5.019199167043548E-4,
      1.045071540125377E-4
    ]
  ],
  "compDampingError": [
    [
      0.0,
      0.0,
      0.0,
      0.0011198883814783774,
      0.0010734661408723213,
      0.0,
      0.0010609210228896162,
      9.210686414030313E-4,
      0.0,
      0.0,
      0.0,
      0.0010611161786811772
    ]
  ],
  "compDampingRError": [
    [
      0.0,
      0.0,
      0.0,
      0.0,
      0.0,
      0.0,
      0.0,
      0.0,
      0.0,
      0.0,
      0.0,
      0.0
    ]
  ],
  "compPhaseError": [
    [
      0.0,
      0.0,
      0.0,
      0.0,
      0.0,
      0.0,
      0.0,
      0.0,
      0.0,
      0.0,
      0.0,
      0.0
    ]
  ],
  "sigma": [
    2.0699025587145936
  ],
  "nameOfFid": [
    "TE02_MMspectrum.mrui"
  ],
  "calculationTime": [
    423
  ],
  "iterations": [
    7
  ],
  "erfrequency": 0.0,
  "referenceFrequency": -1879.846708627255,
  "nameOfAlgorithm": "AMARES",
  "numberOfPointsInQuantitation": 4096,
  "nbTruncated": 0,
  "freqSelective": true,
  "zeroOrderPhase": 0.0,
  "beginTime": 0.0,
  "apodize": 0.0,
  "zeroFilling": 0,
  "zoomStart": 0.0,
  "zoomWidth": 4096.0,
  "T0": [
    0.0
  ],
  "phi0": [
    0.0
  ],
  "esti0": [
    false
  ],
  "esti1": [
    false
  ],
  "errT0": [
    5.842231492320078E-298
  ],
  "errPhi0": [
    -5.009051771379195E-119
  ],
  "mrsiFlag": false,
  "mrsiDataWidth": 0,
  "mrsiDataHeight": 0
}